Keyword,Intents,Category,KD,SV,GSV,TP,GTP,CPC,CPS,Parent Topic,SF
best dividend stocks,I,Bonds,20,43K,55K,64K,71K,$0.25,1.50,best dividend stocks,6
monthly dividend stocks,"I,C",Bonds,11,10K,12K,3.4K,3.5K,$1.20,1.32,best monthly dividend stocks,4
best dividend stocks 2024,"I,C",Bonds,19,9.6K,9.7K,43K,56K,$1.00,N/A,best dividend stocks 2025,5
best dividend stocks to buy and hold,"I,C",Bonds,10,3.7K,4.1K,69K,87K,$1.10,1.38,best dividend stocks,5
dividend check,I,Bonds,19,3.3K,3.4K,3.0K,3.0K,$0.70,0.50,trump stimulus checks,5
top 25 dividend stocks,"I,C",Bonds,17,3.1K,3.6K,97K,104K,$0.70,0.87,best dividend stocks,5
stocks that pay monthly dividends,I,Bonds,7,2.4K,2.7K,3.1K,3.1K,$0.50,1.20,stocks that pay dividends,6
stocks that pay dividends monthly,I,Bonds,23,2.3K,2.5K,3.9K,3.9K,$0.50,1.10,stocks that pay monthly dividends,7
best dividend stock,"I,C",Bonds,20,2.3K,3.0K,12K,24K,$0.25,1.33,best dividend stocks for beginners,6
weekly dividend stocks,I,Bonds,1,2.2K,2.6K,1.9K,2.0K,$1.40,N/A,weekly dividend stocks,4
stock split calendar,I,Bonds,16,2.0K,2.2K,10K,11K,$0.07,1.74,upcoming stock splits,2
recent dividend increases,I,Bonds,0,1.9K,2.1K,1.9K,2.1K,$1.40,N/A,recent dividend increases,2
stock dividend calculator,I,Bonds,9,1.7K,2.3K,34K,39K,$1.30,1.50,dividend calculator,2
best dividend stocks to buy now,"I,C,T",Bonds,14,1.6K,1.8K,50K,51K,$0.80,1.70,best dividend stocks,7
dividend stocks news,I,Bonds,30,1.1K,1.2K,37K,43K,$0.25,N/A,dividend,5
dividend increases,I,Bonds,12,1.1K,1.3K,1.3K,1.5K,$0.50,0.95,recent dividend increases,2
trackyourdividends,I Branded,Bonds,0,1.1K,1.5K,2.3K,2.9K,$1.50,N/A,trackyourdividends,6
how to calculate dividend payout,I,Bonds,6,1.0K,1.7K,11K,11K,$0.70,0.87,dividend yield calculator,4
dividend stocks that pay monthly,I,Bonds,21,800,800,7.7K,7.7K,$0.50,1.25,best monthly dividend stocks,3
dividends calculator,I,Bonds,8,800,1.9K,35K,40K,$1.00,1.57,dividend calculator,1
best dividend growth stocks,I,Bonds,10,800,1.0K,1.1K,1.1K,$0.70,1.99,dividend stocks to buy now,6
stocks that pay weekly dividends,"I,C",Bonds,3,700,800,1.0K,1.1K,$1.40,N/A,stocks that pay weekly dividends,4
blue chip dividend stocks,"I,C",Bonds,30,700,900,15K,17K,$0.45,1.38,best stocks to invest in 2025,5
special dividend news,I,Financial markets news,9,700,900,600,600,$1.30,N/A,special dividend news,4
best dividend stocks to buy,"I,C",Bonds,27,600,700,69K,87K,$0.50,1.52,best dividend stocks,5
safe stock,I Branded,Bonds,1,600,900,350,350,$1.00,0.45,safehold stock,4
ex dividend date calendar,I,Bonds,24,600,800,7.5K,8.8K,$0.10,1.24,dividend calendar,3
what stocks pay monthly dividends,I,Bonds,9,600,600,7.8K,7.8K,$0.04,N/A,best monthly dividend stocks,3
monthly dividend stocks list,"I,C",Bonds,6,600,800,1.3K,1.4K,$0.15,N/A,monthly paying dividend stocks,3
dividend calculator stock,I,Bonds,12,500,700,34K,39K,$1.30,1.63,dividend calculator,1
top 50 dividend stocks,I,Bonds,21,500,600,1.2K,1.3K,$1.00,N/A,top dividend stocks,2
dividend increases this week,I,Bonds,4,500,500,2.3K,2.6K,$0.35,N/A,dividend increases,3
best divident stocks,"I,C",Bonds,6,450,600,73K,78K,$0.25,1.28,high dividend stocks,5
what is a dividend paying stock,I,Bonds,27,400,400,15K,27K,N/A,N/A,dividend stocks,3
div dividend history,I Branded,Funds,2,400,450,200,250,$1.00,N/A,div dividend history,1
how to find dividends,I,Bonds,7,350,400,2.0K,3.9K,$0.03,0.73,how to calculate dividends,2
dividend fund,I,Funds,25,350,1.0K,7.1K,7.7K,$1.20,0.87,best dividend etf,2
upcoming ex dividend dates,I,Bonds,30,300,500,7.3K,8.2K,$0.10,1.14,dividend calendar,1
dividend of 50,I,Bonds,5,300,800,1.8K,3.9K,$0.09,N/A,how to calculate dividends,2
increase dividend,I,Bonds,14,250,250,1.9K,2.1K,$0.50,N/A,dividend increase,5
raises dividend,I,Bonds,14,250,250,2.3K,2.5K,$2.00,N/A,dividend increases,4
upcoming dividends,I,Bonds,17,250,3.1K,7.5K,8.9K,$0.08,1.27,dividend calendar,2
at&t ex dividend date,I Branded,Bonds,7,200,250,1.1K,1.4K,$0.01,0.72,t ex dividend date,2
stable dividend stocks,I,Bonds,29,200,250,70K,76K,$1.00,1.43,high dividend stocks,5
cash dividend,I,Bonds,26,200,1.2K,350,600,$0.10,0.28,cash dividends,4
best dividend stock to buy now,"I,C",Bonds,28,200,24K,29K,N/A,$0.80,N/A,best dividend stocks 2024,4
how to get dividends from stocks,I,Bonds,26,200,300,14K,23K,$0.80,N/A,dividend stocks,5
growth dividend stocks,I,Bonds,30,200,200,0,0,$0.50,1.77,monthly dividend stocks list,5
dividend announcements this week,I,Bonds,29,150,150,1.0K,1.1K,$0.70,N/A,dividend announcements,1
shell ex dividend date,I Branded,Bonds,2,150,450,400,3.6K,N/A,N/A,shell dividend,2
best dividend tracker,"I,C",Bonds,6,150,200,1.2K,1.2K,$1.50,N/A,dividend tracker,4
dividend deposit,I,Bonds,7,150,150,600,600,$3.00,N/A,dividend checking account,4
dividend watch,I,Bonds,1,150,400,90,150,$1.80,N/A,dividend watch,4
best long-term dividend stocks,I,Bonds,27,150,150,24K,29K,$1.10,N/A,best dividend stocks 2024,4
dividend payment dates,I,Bonds,25,150,1.6K,7.5K,8.4K,$0.08,1.02,dividend calendar,1
etf dividend calendar,I,Funds,1,150,250,8.8K,11K,$1.00,N/A,dividend calendar,
upcoming special dividends,I,Bonds,29,150,200,500,600,$0.60,N/A,special dividend news,3
dividata,I Branded,Bonds,0,150,200,150,200,$1.10,0.94,dividend data,1
simplysafedividends,"I,C" Branded,Bonds,0,150,150,3.0K,3.1K,$1.30,1.18,simply safe dividends,2
stock dividend example,I,Bonds,22,100,150,300,1.2K,$0.70,0.76,stock dividend meaning,4
dividend safety score,I,Bonds,5,100,150,90,90,$1.50,1.70,dividend safety score,3
dividend rates,I,Bonds,20,100,1.0K,24K,27K,$0.03,0.52,dividend,4
dividend index,I,Bonds,21,100,350,200,250,$1.40,N/A,s&p 500 high dividend index,2
upcoming dividend ex date,I,Bonds,19,100,200,7.5K,8.4K,$0.80,N/A,dividend calendar,1
dividendinvestor,I Branded,Bonds,4,100,150,3.5K,4.0K,$0.06,1.09,dividend investor,3
top 10 monthly dividend stocks,"I,C",Bonds,8,100,150,3.4K,3.4K,$0.35,N/A,best monthly dividend stocks,5
when do you get dividends from stocks,I,Bonds,28,100,150,1.1K,1.2K,N/A,N/A,when are dividends paid,2
div dividend,I Branded,Funds,13,100,100,900,1.0K,$0.90,1.13,div etf,3
best yield dividend stocks,"I,C",Bonds,28,100,150,104K,109K,$0.80,N/A,best dividend stocks,3
how much do dividend stocks pay,I,Bonds,28,100,100,5.5K,6.0K,$0.60,N/A,dividend stocks,2
auto dividend,I,Bonds,4,100,150,50,50,N/A,N/A,advance auto parts stock,4
special dividends announced today,I,Bonds,9,90,90,600,600,$0.70,N/A,special dividend news,3
data dividend,I,"Finance, Government",5,90,150,30,30,$0.30,N/A,data dividend,5
best dividend stocks now,"I,C",Bonds,17,90,100,69K,75K,$0.25,N/A,high dividend stocks,4
best stock for dividend,"I,C",Bonds,27,90,200,73K,78K,$0.80,N/A,high dividend stocks,5
dividend watch calculator,I Branded,Bonds,9,80,90,350,400,$0.20,N/A,simple dividend calculator,1
special dividend announcements,I,Bonds,30,80,150,500,500,$0.80,1.57,special dividend news,3
next ex dividend date,I,Bonds,7,80,100,7.3K,8.2K,$0.15,N/A,dividend calendar,3
best dividend shares,"I,C",Bonds,27,80,800,32K,38K,$0.80,N/A,best dividend stocks 2024,5
dividend raises,I,Bonds,11,80,150,5.4K,5.4K,$0.09,N/A,top dividend stocks,5
dividend calendar 2024,"I,C",Bonds Calendars,12,80,90,7.5K,8.4K,$0.10,N/A,dividend calendar,1
stocks that pay dividends in january,I,Bonds,2,80,90,1.3K,1.3K,$0.09,N/A,dividend calendar,5
dividend calendar nasdaq,I Branded,Bonds,18,80,100,10K,11K,N/A,N/A,dividend stocks,1
stocks that give monthly dividends,"I,C",Bonds,9,80,100,9.1K,9.2K,$0.80,N/A,best monthly dividend stocks,7
what's a dividend stock,I,Bonds,27,80,90,15K,27K,N/A,N/A,dividend stocks,5
dividend cut,"I,C","Bonds, Financial markets news",3,80,150,30,30,N/A,N/A,dividend cuts,4
safe high yield dividend stocks,I,Bonds,14,80,80,6.6K,11K,$1.00,N/A,stocks that pay dividends,9
free dividend history data,I,Bonds,24,70,80,30K,34K,$0.80,N/A,dividend stocks,3
dividend pay date calendar,I,Bonds Calendars,13,70,100,7.5K,8.4K,$0.09,1.20,dividend calendar,2
best stocks dividend,"I,C",Bonds,10,70,150,3.7K,3.7K,N/A,N/A,top dividend stocks,5
top us dividend stocks,"I,C",Bonds,30,70,150,61K,66K,$1.10,N/A,dividend stocks,4
save stock,I,Bonds,0,42K,45K,10K,11K,$0.60,0.26,save stock,4
stock losers today,I,Bonds,14,3.9K,4.2K,23K,24K,$0.03,1.09,biggest stock losers today,1
any stock,I Branded,Bonds,2,3.9K,8.4K,900,1.5K,$1.80,0.58,any stock,4
stocks and bonds,I,Bonds,22,3.8K,6.8K,3.9K,4.9K,$2.50,0.48,difference between stocks and bonds,6
best cheap stocks to buy now,"I,C",Bonds,22,3.8K,4.2K,11K,11K,$1.00,1.51,best penny stocks to buy now,2
top stock losers today,I,Bonds,9,2.4K,2.6K,23K,24K,$0.10,N/A,biggest stock losers today,1
stock comparison,I,Bonds,15,2.1K,3.5K,2.5K,3.1K,$1.60,1.20,compare stocks,3
highest stock price,I,Bonds,12,1.8K,2.9K,4.9K,6.0K,$1.80,0.55,most expensive stock,4
tech stocks news,I,"Financial markets news, Technology news",5,1.8K,1.9K,2.5K,2.6K,$1.50,N/A,technology business news today,4
best trading platform for beginners,"I,C",Day trading,29,3.1K,8.6K,2.4K,3.1K,$1.60,0.95,best trading platform for beginners,
stocks to invest in 2025,"I,C",Bonds,27,2.5K,3.0K,8.6K,11K,$1.70,N/A,blue chip stocks,
best stocks to invest in 2024,I,Bonds,6,19K,19K,50K,57K,$1.40,N/A,latest stocks to buy,
what are good stocks to invest in,I,Bonds,28,2.3K,2.6K,179K,216K,$1.30,1.10,best stocks to buy now,
better investing,"I,C" Branded,Day trading,7,1.0K,1.0K,1.8K,2.3K,$0.60,0.96,better investing,4
public investing app,"I,C" Branded,"Day trading, Bonds",21,900,1.0K,13K,18K,$1.80,N/A,public,4
best investment tips for beginners discommercified,I,Investing,16,900,900,0,0,N/A,N/A,discommercified,
investment income,I,Investing,23,2.0K,3.7K,1.1K,1.1K,$0.60,0.39,investment income,
12 investments that pay monthly income,I,"Real estate investment trusts, Bonds",8,1.6K,2.6K,800,900,$2.00,N/A,12 investments that pay m,
investing strategies,I,Investing,16,1.4K,2.3K,4.7K,5.8K,$0.60,0.96,investment strategies,
income investing,I,Bonds,19,1.4K,3.2K,1.1K,1.2K,$1.50,1.19,income investing,
what is the safest investment with the highest return,I,"Real estate investment trusts, Bonds",22,1.2K,1.5K,3.3K,3.4K,$1.40,N/A,what is the safest invest,
best investments for 2026,I,Investing,12,1.1K,2.4K,33K,33K,$1.30,N/A,where to invest money,
how old do you have to be to invest in stocks,I,Bonds,19,1.0K,1.2K,2.2K,2.3K,$2.00,0.37,how old do you have to be t,
income producing assets,I,"Futures trading, Foreign exchange, Funds, Real estate investment trusts, Bonds",3,1.0K,1.7K,600,800,$0.60,1.06,income producing assets,
safest investment options,I,Investing,24,1.0K,1.4K,23K,23K,$0.15,0.74,safe investments,
liquid investments,I,Investing,5,900,1.3K,350,400,$2.50,0.51,liquid investments,
small investment ideas,I,Investing,20,900,1.2K,3.4K,7.5K,$1.40,1.11,passive income ideas,
best mutual funds for 2026,"I,C",Funds,13,800,1.0K,13K,14K,$1.50,N/A,mutual funds,
short term investment options,I,Investing,11,800,2.1K,8.5K,9.9K,$1.20,1.06,best short term investments,
best stock investments,I,Bonds,20,800,1.3K,191K,222K,$1.00,1.00,best stocks to buy now,
income fund,"I,C",Funds,9,700,2.6K,150,400,$0.90,0.58,income fund,8
high yield investment,I,Bonds,13,700,1.1K,42K,54K,$1.10,1.07,best investments,4
highest return investments,I,Investing,26,700,1.0K,43K,55K,$1.10,1.20,best investments,6
high risk stocks,I,Bonds,2,700,1.1K,1.4K,1.5K,$1.40,1.28,high risk high reward stocks,6
safest way to invest money,I,Bonds,24,600,1.0K,25K,25K,$1.30,1.06,where to invest money,6
highest yield investments,I,"Funds, Bonds",26,600,800,43K,54K,$1.10,1.40,best investments,8
best alternative investments,I,"Futures trading, Derivatives, Real estate investment trusts",16,600,1.4K,900,900,$1.20,1.72,best alternative investments,7
top 10 best stocks for beginners with little money,I,Bonds,1,600,600,450,600,$1.60,N/A,top 10 best stocks for beginners with little money,8
income generating assets,I,Investing,20,500,1.5K,700,1.0K,$0.70,1.38,income generating assets,5
investing cash,I,Investing,9,500,900,600,600,$0.90,N/A,investing cash,6
best cash flow investments,I,Investing,9,500,600,600,600,$0.70,1.41,best cash flow investments,6
best way to earn interest,I,Savings accounts,26,450,700,723K,751K,$0.08,1.18,high yield savings account,6
best assets to buy,I,"Futures trading, Foreign exchange, Funds, Real estate investment trusts, Bonds",19,450,800,41K,52K,$1.40,1.34,best investments,6
best retirement portfolio for 70 year old,I,"Portfolio, Pension",26,450,500,3.4K,3.4K,N/A,N/A,retirement portfolio,5
what's a good investment,I,"Futures trading, Foreign exchange, Funds, Real estate investment trusts",27,450,600,45K,56K,$0.07,N/A,best investments,6
highest roi investments,I,"Real estate investment trusts, Bonds",22,400,500,43K,54K,$0.60,N/A,best investments,4
medium risk investments,I,Investing,13,350,800,150,200,$2.00,0.98,medium risk investments,3
best income fund,"I,C",Funds,2,300,600,1.5K,1.5K,$2.00,1.61,best income funds,5
best investment ideas,I,Investing,28,250,700,22K,23K,$0.60,1.53,safe investments,3
best long term investment,I,"Funds, Real estate investment trusts, Bonds",25,250,700,7.4K,10K,$1.70,0.76,best long term investments,5
alternative investment tools,I,Investing,22,200,1.0K,500,700,$0.80,N/A,alternative investment platforms,2
investment portfolio by age,I,Portfolio,23,200,200,3.0K,3.1K,$1.40,N/A,asset allocation by age,2
best investments for young adults,I,Bonds,4,200,250,300,350,$0.60,1.50,best investments for young adults,5
good investments companies,I,Bonds,17,150,250,20K,26K,$2.50,N/A,top 10 best stocks to buy now,5
good investment companies,"I,C",Day trading,20,150,350,8.7K,9.1K,$1.60,N/A,financial planning firms,4
high yield safe investments,I,Bonds,18,150,200,4.3K,4.5K,$1.80,N/A,safe investments with high returns,5
stock market alternatives,I,"Futures trading, Foreign exchange, Derivatives, Funds, Real estate investment trusts, Bonds",19,150,700,500,500,$2.00,N/A,investments other than stocks,6
what investment has the highest return,I,Investing,24,150,250,42K,53K,$1.90,N/A,best investments,6
high yield assets,I,Bonds,11,150,200,250,350,$1.90,N/A,high yield investing,5
best stocks to invest in 2026,"I,C",Bonds,15,6.6K,8.2K,4.1K,4.9K,$1.30,N/A,best stocks for 2026,
growth stocks,"I,C",Bonds,27,4.9K,9.7K,2.2K,2.8K,$1.40,1.03,motley fool top 10 stocks,
most volatile stocks,I,Bonds,21,4.8K,7.2K,6.6K,7.5K,$1.40,1.12,most volatile stocks,
top performing stocks 2025,I,Bonds,26,4.8K,5.5K,10,10,$1.30,N/A,top performing stocks 2025,
cheap stocks to buy today,"I,C",Bonds,18,4.7K,5.7K,3.2K,3.4K,$1.10,1.08,cheap stocks to buy now,
best long term stocks,I,Bonds,12,4.6K,6.3K,4.9K,5.4K,$1.40,1.58,best long term stocks,
best performing stocks today,I,Bonds,23,4.1K,4.8K,43K,48K,$1.20,1.51,top stock gainers today,
best growth stocks to buy now,"I,C",Bonds,16,4.0K,4.6K,9.1K,9.2K,$1.10,2.02,best growth stocks to buy now,
best performing stocks 2025,I,Bonds,2,4.0K,4.9K,2.4K,2.4K,$1.20,N/A,best performing stocks 2025,
best growth stocks,"I,C",Bonds,26,3.6K,4.6K,12K,14K,$0.90,1.73,undervalued stocks,
bullish stocks,I Branded,Bonds,3,3.3K,5.1K,28K,29K,$1.20,0.93,blsh stock,
good stock,I,Bonds,3,3.3K,4.0K,0,10,$1.30,0.41,good stock price,
best stocks for 2026,"I,C",Bonds,8,2.9K,3.9K,4.8K,4.9K,$1.00,N/A,good stocks to invest in,
top 100 penny stocks,"I,C",Bonds,27,2.9K,9.6K,61K,70K,$1.30,N/A,penny stocks,
most volatile stocks today,I,Bonds,30,2.6K,3.3K,6.6K,7.5K,$1.30,1.13,most volatile stocks,
volatile stocks,I,Bonds,16,2.4K,3.5K,6.6K,7.5K,$1.90,1.04,most volatile stocks,
what are good stocks to invest in,I,Bonds,28,2.3K,2.6K,179K,216K,$1.30,1.10,best stocks to buy now,
best stocks to buy july 2025,"I,C",Bonds,0,2.2K,2.8K,1.3K,1.3K,$1.60,N/A,best stocks to invest in july 20,
stock comparison,I,Bonds,15,2.1K,3.5K,2.5K,3.1K,$1.60,1.20,compare stocks,
best stocks to buy june 2025,"I,C",Bonds,22,1.9K,2.1K,4.8K,4.9K,$1.30,N/A,good stocks to invest in,
highest stock price,I,Bonds,12,1.8K,2.9K,4.9K,6.0K,$1.80,0.55,most expensive stock,
best stocks to buy february 2026,"I,C",Bonds,4,1.7K,2.2K,600,600,N/A,N/A,best stocks to buy february 202,
best growth stocks for 2026,"I,C",Bonds,2,1.7K,1.9K,30,40,$1.20,N/A,stock to buy,5
best growth stocks for the next 10 years,I,Bonds,12,1.7K,2.2K,35K,43K,$1.40,N/A,best stocks to invest in 2024,6
triller stock,I Branded,Bonds,1,1.6K,2.0K,3.7K,3.7K,$0.60,N/A,illr,4
top performing stocks june 2025,I,Bonds,2,1.5K,1.7K,0,0,N/A,N/A,top performing stocks june 2025,3
best tech stocks,I,Bonds,22,1.4K,1.8K,6.2K,7.7K,$1.10,1.27,tech stocks,6
top stock,"I,C",Bonds,9,1.3K,2.9K,1.2K,1.3K,$1.30,0.53,top financial group stock,5
trending tickers,I,Bonds,30,1.3K,1.6K,179K,213K,$2.00,0.97,best stocks to buy now,4
best stocks to invest in july 2025,"I,C","Bonds, Financial markets news",19,1.3K,1.5K,1.7K,1.7K,N/A,N/A,good stocks to buy right now,3
top penny stocks today,"I,C",Bonds,26,1.3K,1.8K,58K,67K,$0.90,1.15,penny stocks,5
top performing stocks august 2025,"I,C","Bonds, Financial markets news",13,1.3K,1.4K,N/A,N/A,N/A,N/A,N/A,5
best stocks to day trade,I,Day trading,30,1.3K,1.6K,4.5K,5.5K,$1.80,1.33,best stocks to day trade,5
best stocks to buy in 2026,"I,C",Bonds,5,1.3K,1.9K,8.3K,9.1K,N/A,N/A,best stocks for 2026,6
top energy stocks,"I,C",Bonds,8,1.2K,1.5K,6.0K,7.1K,$1.20,1.25,energy stocks,5
stocks to buy in 2026,"I,C",Bonds,10,1.2K,1.8K,7.8K,8.6K,$0.90,N/A,best stocks for 2026,6
best stocks to buy 2026,"I,C",Bonds,3,1.1K,1.7K,7.3K,8.0K,N/A,N/A,best stocks for 2026,5
tech stock,I,Bonds,9,1.0K,2.1K,700,700,$1.40,0.58,biotechne stock,7
top stocks for 2026,"I,C",Bonds,6,1.0K,1.3K,10,10,$1.00,N/A,is nvda a buy,6
momentus stock,I Branded,Bonds,15,1.0K,5.6K,4.1K,5.5K,$1.70,N/A,mnts stock,2
high growth stocks 2025,I,,17,800,1.0K,1.4K,1.4K,$1.10,N/A,top growth stocks 2025,4
tech stocks to buy,"I,C",Bonds,25,800,1.1K,2.7K,2.9K,$1.20,1.38,best tech stocks to buy now,8
best stock investments,I,Bonds,20,800,1.3K,191K,222K,$1.00,1.00,best stocks to buy now,6
monday stock price,I Branded,Bonds,3,700,1.3K,5.8K,20K,$1.30,N/A,mndy stock,3
best performing stocks 2026,"I,C","Bonds, Financial markets news",9,700,800,19K,20K,$1.20,N/A,latest stocks to buy,6
stocks expected to rise tomorrow,I,Bonds,9,700,900,600,20K,$1.10,0.95,stocks to buy tomorrow,6
most active penny stocks today,"I,C",Bonds,25,700,800,61K,70K,$2.00,N/A,penny stocks,4
best stocks to invest in january 2026,I,,4,700,800,0,0,N/A,N/A,stock market outlook january 2026,5
top stock picks for 2026,I,Bonds,9,700,900,100,100,$1.10,N/A,top stock picks for 2026,7
best stocks to buy today india,"I,C",Bonds,19,600,3.6K,900,57K,$1.90,N/A,top intraday stocks today india,3
good stock price,I,Bonds,3,600,600,1.2K,1.3K,$1.50,0.18,good stock,5
best growth stocks for the next 5 years,"I,C",Bonds,7,600,800,4.5K,4.9K,$1.20,N/A,best long term stocks,4
best stocks to buy tomorrow,"I,T",Bonds,30,600,1.4K,137K,165K,$0.90,N/A,latest stocks to buy,4
new stocks on the market,I,Bonds,27,500,600,34K,40K,$1.30,1.20,ipo,6
best stocks under $50,"I,C",Bonds,1,500,500,1.0K,1.1K,$1.10,N/A,stocks under 50 dollars,3
good stocks to buy today,"I,C,T",Bonds,19,500,1.2K,176K,206K,$1.20,1.45,best stocks to buy now,5
best stocks to buy now for short-term,I,Bonds,12,500,600,5.5K,8.0K,$1.00,N/A,best short term stocks,5
what is the most expensive stock right now,I,Bonds,6,500,600,4.9K,5.9K,$1.90,N/A,most expensive stock,4
the best stocks to invest in,"I,C",Bonds,30,450,600,144K,174K,$1.40,0.84,latest stocks to buy,7
best day trade stocks,I,Day trading,15,450,600,5.3K,6.3K,$1.70,1.17,day trading stocks,6
upcoming companies to invest in,"I,C",Bonds,26,450,700,2.3K,3.1K,$1.30,1.11,good stocks to invest in,6
best international stocks,"I,C",Bonds,12,400,450,700,700,$1.40,1.48,best international stocks,3
stock advisor top 10,I,Bonds,27,400,600,12K,14K,$1.70,N/A,top 10 best stocks to buy now,4
top momentum stocks today,I,Bonds,15,400,500,200,200,$1.80,N/A,top momentum stocks today,6
stocks to buy today india,"I,C,T",Bonds,12,350,1.8K,500,58K,$1.20,N/A,best stocks to buy today india,2
what stock to buy now,"I,C,T",Bonds,3,350,700,192K,219K,$1.10,1.18,stocks to buy now,5
what are the best stocks to buy,"I,C",Bonds,11,350,400,180K,207K,$1.30,1.29,stocks to buy now,6
volatile stocks today,I,Bonds,26,350,500,6.8K,7.7K,$1.50,1.38,most volatile stocks,2
growth stocks to buy,"I,C",Bonds,22,300,350,150,150,$1.30,2.25,growth stock to buy now,6
good day trading stocks,I,Day trading,13,300,600,4.8K,5.8K,$1.70,0.97,best stocks to day trade,5
best stock buys right now,"I,C",Bonds,24,300,400,54K,62K,$1.20,1.31,most active stocks,7
top stocks today to buy,"I,C,T",Bonds,27,300,350,55K,61K,$1.20,0.87,most active stocks,3
top performing us stocks 2025,I,Bonds,8,300,350,800,800,N/A,N/A,best performing stocks 2025,3
top stocks to invest in right now,I,Bonds,30,300,350,144K,174K,$1.20,N/A,latest stocks to buy,7
meme stocks today,I,Bonds,12,300,350,2.0K,2.3K,$2.00,N/A,meme stocks,2
best stock to day trade,I,Day trading,14,300,350,5.3K,6.3K,$1.90,N/A,day trading stocks,4
stocks with strong buy ratings,I,Bonds,21,300,450,143K,173K,$1.30,1.50,latest stocks to buy,7
stocks that will explode,I,Bonds,30,300,350,30K,38K,$1.10,N/A,best stocks to invest in 2024,5
is amc a good stock to buy,"I,C" Branded,Bonds,1,300,300,20,20,$3.50,N/A,buy amc stock,4
expensive stocks,I,Bonds,5,300,350,4.9K,5.9K,$1.20,0.96,most expensive stock,4
best day trading stock,I,Day trading,27,250,350,4.7K,5.5K,N/A,N/A,best stocks to day trade,6
best dollar stocks,"I,C",Bonds,28,250,300,6.3K,6.3K,$1.10,1.34,best stocks under $10,4
the best stock to buy right now,"I,C",Bonds,20,250,300,37K,44K,$1.20,N/A,best growth stocks to buy now,4
which stocks to buy,"I,C,T",Bonds,25,250,800,900,1.1K,$1.20,1.46,what stocks to buy,5
the best stock to invest in,"I,C",Bonds,27,250,250,146K,176K,$1.40,1.32,latest stocks to buy,5
next stock to explode,I,Bonds,12,250,300,50K,57K,$0.90,N/A,latest stocks to buy,8
stock buys,"I,C,T",Bonds,19,200,250,55K,61K,$1.30,1.33,most active stocks,5
upcoming stocks to invest in,"I,C","Bonds, Financial markets news",22,200,300,38K,45K,$1.20,N/A,best stocks to invest in 2024,4
best stocks to invest right now,I,Bonds,26,200,400,2.5K,2.5K,$1.20,N/A,stocks to buy,5
best growth stock,"I,C",Bonds,8,200,300,200,900,$0.90,1.37,best growth stocks to buy today,5
growing companies to invest in,"I,C",Bonds,22,200,200,1.1K,1.2K,$1.60,N/A,stocks projected to rise,3
potential stocks to buy,"I,C",Bonds,13,200,300,10,10,$0.80,N/A,unstoppable,6
good stocks to day trade,I,Day trading,12,200,200,4.6K,5.5K,$1.60,N/A,best stocks to day trade,4
breakout stocks today,I,Bonds,1,200,3.3K,200,200,$2.00,N/A,breakout stocks,3
strong buy,I,Bonds,12,200,700,144K,174K,$0.70,0.87,latest stocks to buy,5
top day trading stocks,I,Day trading,12,200,300,4.8K,5.8K,$2.00,1.16,best stocks to day trade,3
companies that are good to invest in,I,Bonds,29,200,200,7.4K,7.6K,N/A,N/A,companies to invest in,8
best stocks to buy now in usa,"I,C",Bonds,29,150,150,149K,178K,$1.30,N/A,latest stocks to buy,5
best buy stocks today,I Branded,Bonds,26,150,200,146K,176K,$1.20,N/A,latest stocks to buy,5
domestic stocks,I,Bonds,11,150,200,40,40,$1.40,N/A,what is domestic stock,7
best growth stocks to buy,"I,C,T",Bonds,1,150,200,200,200,$1.20,N/A,stock to buy,3
popular stocks to buy,"I,C",Bonds,25,150,150,58K,64K,$1.10,1.00,most active stocks,5
popular day trading stocks,"I,C","Bonds, Communities",12,150,200,5.3K,6.3K,$1.50,N/A,day trading stocks,5
best high growth stocks,"I,C",Bonds,0,150,200,2.5K,2.5K,$1.30,N/A,stocks to buy,6
best stocks day trading,I,Day trading,14,150,150,4.5K,5.5K,$1.10,N/A,best stocks to day trade,6
day trading stocks to buy,I,Day trading,12,150,150,4.8K,5.8K,$1.90,N/A,best stocks to day trade,6
most volatile stocks for day trading,I,"Day trading, Bonds",13,150,200,6.6K,7.6K,$2.50,N/A,most volatile stocks,4
good stocks for day trading,I,Day trading,12,150,250,5.2K,6.2K,$1.70,1.04,day trading stocks,5
volatile stocks for day trading,I,"Day trading, Bonds",21,150,250,6.8K,7.7K,$1.70,0.88,most volatile stocks,6
top volatile stocks today,I,Bonds,16,150,150,6.6K,7.5K,$1.50,N/A,most volatile stocks,2
best small stocks to buy today,"I,C",Bonds,8,150,400,6.3K,7.5K,$1.60,N/A,small cap stocks,4
stocks to sell now,"I,T",Bonds,21,150,200,53K,59K,$1.40,1.66,most active stocks,4
best companies to invest in stocks,I,Bonds,30,150,250,137K,165K,$1.60,N/A,latest stocks to buy,7
dividend kings,I,Bonds,15,6.4K,8.5K,5.4K,5.7K,$0.05,1.15,best dividend stocks 2025,
best dividend stocks to buy and hold,"I,C",Bonds,10,3.7K,4.1K,69K,87K,$1.10,1.38,best dividend stocks,
best dividend stock,"I,C",Bonds,20,2.3K,3.0K,12K,24K,$0.25,1.33,best dividend stocks for beginners,
best dividend etfs,"I,C",Funds,17,2.2K,2.8K,6.0K,6.2K,$0.90,1.56,top dividend etf,
highest paying monthly dividend stocks,"I,C",Bonds,18,1.2K,1.4K,2.4K,2.5K,$0.70,1.30,highest paying monthly dividend stocks,
good american returns,I Branded,"Apparel, Customer",0,1.1K,1.1K,450,450,$2.50,N/A,good american returns,
dividend increases,I,Bonds,12,1.1K,1.3K,1.3K,1.5K,$0.50,0.95,recent dividend increases,
etfs that pay monthly dividends,"I,C",Funds,17,800,1.0K,450,500,$1.10,1.47,etfs with monthly dividends,
best dividend growth stocks,I,Bonds,10,800,1.0K,1.1K,1.1K,$0.70,1.99,dividend stocks to buy now,
monthly dividend stocks to hold forever,I,Bonds,17,800,900,2.5K,2.8K,$1.10,N/A,highest paying monthly dividend stocks,
best dividend stocks to buy,"I,C",Bonds,27,600,700,69K,87K,$0.50,1.52,best dividend stocks,5
dividend paying etfs,"I,C",Bonds,21,600,1.0K,900,1.0K,$1.00,1.12,dividend etfs,7
dividend paying etf,"I,C",Bonds,23,600,1.0K,8.4K,9.3K,$1.50,1.18,best dividend etf,7
top dividend stocks 2026,"I,C","Bonds, Financial markets news",7,600,700,0,0,$1.00,N/A,nyse: sun,6
dividend stocks to buy now,"I,C",Bonds,17,600,700,20,20,$0.90,1.84,high dividend paying stocks,5
mcdonalds dividend,I Branded,Bonds,5,600,1.0K,1.8K,2.0K,$0.02,0.79,mcd dividend,5
monthly dividend stocks list,"I,C",Bonds,6,600,800,1.3K,1.4K,$0.15,N/A,monthly paying dividend stocks,3
monthly dividend etfs,"I,C",Funds,16,600,800,6.0K,6.2K,$1.30,1.41,top dividend etf,6
etf dividends,I,Funds,17,500,1.0K,2.0K,2.5K,$1.00,0.91,do etfs pay dividends,5
dividend checking,I,Checking,0,500,500,150,150,$0.60,N/A,dividend checking,3
high yield monthly dividend etf,"I,C",Funds,30,500,600,7.7K,9.6K,$1.50,N/A,high yield etf,6
dividend calculator stock,I,Bonds,12,500,700,34K,39K,$1.30,1.63,dividend calculator,1
high yield monthly dividend stocks,"I,C",Bonds,17,500,600,2.4K,2.5K,$1.00,1.37,highest paying monthly dividend stocks,4
top 50 dividend stocks,I,Bonds,21,500,600,1.2K,1.3K,$1.00,N/A,top dividend stocks,2
dividend increases this week,I,Bonds,4,500,500,2.3K,2.6K,$0.35,N/A,dividend increases,3
monthly paying dividend stocks,"I,C",Bonds,2,450,600,1.0K,1.1K,$0.50,1.33,monthly dividend stocks list,4
best high yield dividend stocks,"I,C",Bonds,14,450,800,1.3K,1.3K,$0.70,1.41,dividend stocks,9
best divident stocks,"I,C",Bonds,6,450,600,73K,78K,$0.25,1.28,high dividend stocks,5
monthly dividend etf list,"I,C",Funds,14,450,500,1.9K,1.9K,$1.00,N/A,monthly dividend etf,2
list of dividend stocks,I,Bonds,21,400,500,61K,66K,$0.90,1.26,dividend stocks,4
what is a dividend paying stock,I,Bonds,27,400,400,15K,27K,N/A,N/A,dividend stocks,3
high dividend stocks us,"I,C",Bonds,25,400,500,73K,78K,N/A,N/A,high dividend stocks,4
best growth dividend stocks,"I,C",Bonds,1,350,350,5.4K,5.4K,$0.60,N/A,top dividend stocks,
monthly dividend paying stocks,I,Bonds,7,300,400,3.1K,3.2K,$0.50,1.70,monthly dividend stocks,3
dividend growth investing,I,Bonds,12,300,600,0,10,$0.70,1.43,dividend growth investor,5
dividend stocks passive income,I,Bonds,15,300,400,90,100,$0.80,N/A,dividend shares,5
what stocks have the highest dividends,I,Bonds,30,300,300,101K,106K,$0.10,N/A,best dividend stocks,4
etf with high dividends,"I,C",Funds,24,300,600,3.7K,5.3K,$1.30,N/A,hdv,3
nasdaq dividend history,I Branded,Bonds,24,300,450,1.0K,1.2K,$0.01,1.05,dividend history,2
how to get dividends,I,Bonds,27,300,600,16K,26K,$0.60,0.61,dividend stocks,4
what stocks pay the best dividends,I,Bonds,15,250,250,68K,74K,$0.15,1.17,high dividend stocks,5
best monthly dividend etfs,"I,C",Funds,9,250,250,12K,12K,$1.50,N/A,monthly dividend etf,3
increase dividend,I,Bonds,14,250,250,1.9K,2.1K,$0.50,N/A,dividend increase,5
dividend etf list,"I,C",Funds,15,250,300,12K,13K,$1.10,N/A,dividend etf,7
long term dividend stocks,I,Bonds,26,250,300,82K,90K,$0.25,1.68,best dividend stocks,5
best dividend stocks to buy and hold forever,"I,C",Bonds,1,250,250,100,100,$1.10,N/A,stocks to invest in,7
etfs that pay dividends,"I,C",Bonds,15,250,400,9.2K,9.7K,$1.00,0.79,best dividend etf,3
list of monthly dividend stocks,"I,C",Bonds,8,250,250,1.0K,1.1K,$1.00,1.29,monthly dividend stocks list,3
best dividend stocks for retirement,I,"Pension, Bonds",0,250,300,80,80,$1.40,1.71,best dividend stocks for retirement,5
dividend stock etfs,I,Bonds,22,250,250,8.5K,9.4K,N/A,N/A,best dividend etf,2
raises dividend,I,Bonds,14,250,250,2.3K,2.5K,$2.00,N/A,dividend increases,4
upcoming dividends,I,Bonds,17,250,3.1K,7.5K,8.9K,$0.08,1.27,dividend calendar,2
stable dividend stocks,I,Bonds,29,200,250,70K,76K,$1.00,1.43,high dividend stocks,5
increases dividend,I,Bonds,4,200,200,1.3K,1.5K,$0.35,N/A,recent dividend increases,5
high dividend blue chip stocks,"I,C",Bonds,25,200,300,15K,17K,$0.15,1.23,best stocks to invest in 2025,3
good monthly dividend stocks,"I,C",Bonds,9,200,200,8.7K,8.7K,$1.20,N/A,monthly dividend stocks,5
etf monthly dividend,"I,C",Funds,12,200,250,500,600,$2.00,N/A,etfs with monthly dividends,7
stocks paying monthly dividends,"I,C",Bonds,9,200,200,10K,10K,$0.50,1.59,best monthly dividend stocks,5
dividend etf stocks,I,Bonds,20,200,250,9.5K,10K,$1.00,N/A,best dividend etf,2
high yielding stocks,"I,C",Bonds,24,200,250,103K,108K,$1.30,1.24,best dividend stocks,5
high dividend growth stocks,I,Bonds,30,200,300,66K,84K,$1.00,1.13,best dividend stocks,5
10 best dividend stocks,"I,C",Bonds,8,200,250,33K,48K,$0.40,1.41,best dividend stocks 2024,4
penny stocks that pay dividends,"I,C",Bonds,0,200,250,250,250,$1.20,1.53,penny stocks that pay dividends,4
high monthly dividend stocks,"I,C",Bonds,11,200,250,2.4K,2.6K,$0.60,1.02,highest paying monthly dividend stocks,5
best dividend stock to buy now,"I,C",Bonds,28,200,200,24K,29K,$0.80,N/A,best dividend stocks 2024,4
monthly dividend stocks high yield,"I,C",Bonds,13,200,200,3.9K,4.0K,$1.10,N/A,best dividend stocks 2025,3
top 5 dividend stocks,"I,C",Bonds,19,200,350,24K,29K,$0.90,1.10,best dividend stocks 2024,5
undervalued dividend growth stocks,"I,C",Bonds,6,150,150,300,300,$1.20,N/A,undervalued dividend stocks,4
dividende,I,Bonds,16,20K,74K,50,60,$0.09,0.51,dividente,
dividende air liquide,I Branded,Bonds,1,2.7K,2.8K,800,800,$0.10,1.06,dividende air liquide,
dividende orange,I Branded,Bonds,0,1.5K,1.6K,250,250,$0.20,1.16,dividende orange,
calendrier dividende,I,Bonds,19,900,1.0K,6.2K,6.3K,$0.20,1.47,dividende,
quelle action acheter,I,Bonds,13,800,900,5.2K,5.3K,$0.70,1.61,quelle action acheter aujourd',
calendrier dividendes,I,Bonds,6,800,900,2.9K,2.9K,$0.20,1.37,calendrier dividende,
action a dividende,I,Bonds,3,700,900,9.0K,9.1K,$0.50,1.38,dividende,
calendrier des dividendes,I,Bonds,3,600,600,5.3K,5.4K,$0.20,1.48,dividende,
palmares dividende,I,Bonds,3,450,450,8.6K,8.7K,$1.10,1.26,dividende,
date dividende,I,Bonds,6,450,500,6.1K,6.2K,$0.07,0.82,dividende,
action dividende,I,Bonds,29,400,500,8.7K,8.8K,$0.25,0.94,dividende,
action à dividende mensuel pea,I,Bonds,0,350,350,8.7K,8.8K,$0.70,N/A,dividende,2
quelles actions acheter en ce moment,"I,T",Bonds,12,350,400,4.7K,4.7K,$0.50,1.49,quelle action acheter aujourd'hui,4
palmares action,I,Bonds,6,350,350,8.3K,8.3K,N/A,1.10,boursorama palmares,
dividende cac 40,I,Bonds,10,300,350,8.6K,8.7K,$0.60,1.33,dividende,2
500 euros de dividende par mois,I,Bonds,0,300,350,150,150,$0.90,N/A,500 euros de dividende par mois,1
investir action,I,Bonds,2,300,450,12K,13K,$1.30,1.04,comment investir en bourse,3
portefeuille action,I,Bonds,0,250,350,150,150,$0.80,0.97,portefeuille action,2
actions a dividende,I,Bonds,7,250,250,7.7K,7.8K,$0.50,1.46,palmares dividende,1
liste action dividende mensuel,I,Bonds,0,250,350,6.3K,6.4K,$0.80,N/A,palmares dividende,4
meilleur action dividende pea,I,Bonds,0,250,250,7.8K,7.9K,$0.70,N/A,palmares dividende,3
plus gros dividende monde,I,Bonds,0,250,250,30,30,$0.80,N/A,plus gros dividende monde,1
meilleures actions,I,Bonds,4,200,250,7.8K,7.8K,$0.60,1.67,dividende,3
meilleur dividende cac 40,I,Bonds,3,200,200,7.8K,7.9K,$0.80,N/A,palmares dividende,2
meilleur action à dividende mensuel,I,Bonds,2,200,250,8.7K,8.7K,$0.50,N/A,dividende,5
action avec dividende,I,Bonds,0,200,300,8.2K,8.2K,$0.70,1.48,dividende,5
rendement action,I,Bonds,3,200,250,6.4K,6.5K,$0.80,1.09,palmares dividende,3
palmarès dividende,I,Bonds,8,200,200,7.7K,7.8K,$1.10,N/A,palmares dividende,2
dividende pea,I,Portfolio,0,200,200,8.1K,8.2K,$0.40,1.19,dividende,3
prochains dividendes,I,Bonds,4,200,200,6.2K,6.3K,$0.50,1.46,dividende,
action à dividende pea,I,Bonds,1,200,200,8.6K,8.7K,$0.50,N/A,dividende,2
quel action acheter en ce moment,"I,T",Bonds,7,200,200,5.3K,5.4K,$0.60,N/A,quelle action acheter aujourd'hui,2
action a fort dividende,I,Bonds,0,200,250,7.7K,7.8K,$0.70,1.42,palmares dividende,1
palmares dividendes,I,Bonds,22,200,200,7.2K,7.2K,$1.10,1.25,dividende,1
action a dividende aristocrate,I,Bonds,0,200,200,700,700,N/A,N/A,dividende aristocrate,1
date detachement dividendes,I,Bonds,3,200,200,6.1K,6.2K,N/A,N/A,dividende,1
date de détachement dividende,I,Bonds,3,200,200,20,20,$0.40,N/A,détachement dividende,2
dans quelle action investir,I,Bonds,17,200,250,3.0K,3.0K,$0.70,1.65,quelle action acheter aujourd'hui,1
action avec le plus de dividende,I,Bonds,0,150,150,8.7K,8.8K,$0.50,N/A,dividende,3
actions à dividendes,I,Bonds,4,150,300,8.1K,8.2K,$0.15,1.33,dividende,3
dividende bourse,I,Bonds,13,150,200,6.2K,6.3K,$0.35,1.11,palmares dividende,3
action dividende mensuel,I,Bonds,0,150,200,7.8K,7.9K,$0.60,1.68,palmares dividende,6
meilleur action,I,Bonds,9,150,200,8.6K,8.7K,$0.60,0.81,dividende,2
calendrier dividende cac 40,I Branded,Bonds,4,150,150,2.4K,2.4K,$0.15,N/A,calendrier dividende,1
action à dividende mensuel liste,I,Bonds,0,100,150,7.7K,7.8K,$0.50,N/A,dividende,3
action pea dividende,I,Bonds,1,150,150,6.3K,6.4K,$0.60,N/A,palmares dividende,1
action fort dividende,I,Bonds,0,100,150,7.7K,7.8K,$0.45,1.11,dividende,2
meilleures actions a dividende,I,Bonds,0,100,150,8.7K,8.7K,$0.45,N/A,dividende,1
meilleur rendement dividende,I,Bonds,0,150,150,7.7K,7.8K,$0.45,1.50,dividende,1
action dividende pea,I,Bonds,0,150,150,8.7K,8.8K,$0.60,N/A,dividende,2
meilleur action dividende,I,Bonds,0,100,150,7.5K,7.5K,$0.50,N/A,dividende,3
meilleurs dividendes cac 40,I,Bonds,3,150,150,6.2K,6.3K,$1.00,N/A,palmares dividende,2
meilleurs dividendes,I,Bonds,0,150,150,8.6K,8.7K,$0.60,1.40,dividende,2
action meilleur dividende,"I,C","Bonds, Financial markets news",0,150,150,8.2K,8.2K,$0.50,1.23,dividende,1
meilleur dividende pea,I,Bonds,0,100,150,8.6K,8.7K,$0.70,N/A,dividende,4
miser en bourse,I,Bonds,15,100,150,1.6K,1.7K,$1.40,1.07,comment investir en bourse,1
action aristocrate,I,Bonds,0,150,150,600,600,N/A,N/A,dividende aristocrate,2
dividendes societe generale,I Branded,Bonds,0,100,100,1.6K,1.6K,$0.70,1.22,dividende societe generale,
action de rendement,I,Bonds,2,100,100,6.2K,6.3K,$0.35,1.46,palmares dividende,
date de distribution des dividendes,I,Bonds,1,80,100,6.2K,6.3K,N/A,N/A,dividende,2
actions a fort dividendes,I,Bonds,0,90,100,8.7K,8.7K,$0.50,N/A,dividende,4
dividendes calendrier,I,Bonds,6,100,100,2.5K,2.6K,$0.60,1.36,calendrier dividende,2
actions avec dividendes,I,Bonds,2,70,100,8.6K,8.7K,$0.50,1.25,dividende,3
action avec dividende mensuel,I,Bonds,0,80,100,7.6K,7.6K,$0.50,N/A,dividende,2
action rendement,I,Bonds,2,100,100,7.8K,7.8K,$0.60,1.10,dividende,3
dividende mensuel,I,Bonds,0,80,100,7.5K,7.5K,$0.50,1.75,dividende,2
gros dividende,I,Bonds,0,100,100,7.6K,7.6K,$0.50,N/A,dividende,2
pea dividende,I,Bonds,0,100,100,250,250,$0.60,1.40,pea dividende,3
actions dividendes,I,Bonds,2,70,100,7.7K,7.8K,$0.45,1.06,dividende,5
meilleurs actions pea,I,Bonds,2,100,100,600,600,$0.70,N/A,quelle action acheter aujourd'hui pea,6
dividendes pea,I,Portfolio,0,100,100,250,250,$1.10,0.98,pea dividende,2
cac 40 dividendes,I,Bonds,6,90,100,8.7K,8.8K,$0.40,0.91,dividende,1
dividende par action,I,Bonds,11,100,100,7.5K,7.5K,$0.35,0.99,dividende,3
action à fort dividende,I,Bonds,0,70,100,7.7K,7.8K,$0.50,1.77,palmares dividende,2
meilleurs actions a dividendes,I,Bonds,1,90,100,7.7K,7.8K,$0.50,N/A,dividende,2
date versement dividendes,I,Bonds,3,80,90,3.0K,3.1K,N/A,1.46,calendrier dividende,2
dividendes actions,I,Bonds,18,80,90,7.7K,7.8K,$0.35,1.13,palmares dividende,3
dividende,I,Bonds,3,37K,74K,2.9K,3.7K,$1.10,0.54,dividenden,4
dividendenkalender,I,Bonds,19,8.5K,9.9K,4.0K,4.1K,$0.70,1.48,dividendenkalender,1
dividendenrendite,I,Bonds,2,7.2K,9.2K,1.7K,1.7K,$0.70,1.12,dividendenrendite,2
top 10 dividenden-aktien weltweit,I,Bonds,0,3.7K,4.0K,2.7K,2.7K,$1.20,N/A,top 10 dividenden-aktien weltweit,3
dividenden aktien 2026,I,Bonds,0,3.7K,3.8K,11K,13K,$1.20,N/A,dividenden aktien,7
dividenden,I,Bonds,8,3.2K,5.3K,2.9K,3.7K,$1.10,0.74,dividenden,2
aktien 2026,"I,C",Bonds,0,2.0K,2.4K,0,0,$1.30,N/A,nidec,5
beste dividenden aktien,I,Bonds,3,1.8K,2.2K,6.4K,7.2K,$1.20,1.66,aktien mit hoher dividende,3
dividendenkalender dax 2026,I Branded,Bonds,0,1.8K,2.0K,700,700,$0.50,N/A,dividendenkalender dax 2026,6
dividendenaktien,I,Bonds,3,1.6K,1.0K,10K,12K,$1.10,1.48,dividendenkalender,
sichere aktien mit hoher dividende,I,Bonds,4,1.5K,1.7K,6.0K,6.8K,$1.20,1.35,aktien mit hoher dividende,3
dividenden kalender,I,Bonds,1,1.3K,1.6K,4.0K,4.1K,$0.70,1.30,dividendenkalender,3
aktien mit dividende,I,Bonds,5,1.1K,1.2K,8.6K,9.0K,$1.10,1.42,dividenden aktien,3
top 50 dividenden-aktien weltweit,I,Bonds,0,1.1K,1.2K,400,400,$0.70,N/A,top 50 dividenden-aktien weltweit,3
aktien dividenden,I,Bonds,4,1.1K,1.4K,8.6K,9.0K,$1.10,1.25,dividenden aktien,7
dividende aktien,I,Bonds,3,900,1.1K,1.5K,1.7K,$1.10,1.14,dividenden aktien,5
dividendenstrategie,I,Bonds,3,900,1.2K,350,350,$0.80,1.19,dividendenstrategie,3
aktien mit monatlicher dividende,I,Bonds,1,800,900,1.6K,1.6K,$1.20,1.87,top 10 monatliche dividende,3
top dividenden aktien,I,Bonds,4,800,900,7.8K,8.7K,$1.10,1.36,aktien mit hoher dividende,3
12 aktien für wöchentliche dividende,"I,C",Bonds,0,700,800,250,250,$1.20,N/A,12 aktien für wöchentliche dividende,4
die besten dividenden aktien,I,Bonds,5,700,900,7.6K,8.5K,$1.10,1.40,aktien mit hoher dividende,3
beste dividenden-aktien weltweit,I,Bonds,1,700,700,2.7K,2.8K,$0.70,N/A,top 10 dividenden-aktien weltweit,3
dividendenkalender deutschland,I,Bonds,2,600,600,2.0K,2.0K,$0.50,N/A,dividendenkalender,2
dividendenstarke aktien,I,Bonds,3,600,900,9.0K,9.4K,$1.20,1.60,dividenden aktien,3
dividendenchecker,I Branded,Bonds,1,600,800,1.4K,1.4K,$0.60,1.12,dividendenchecker,2
top 10 dividenden-aktien deutschland,I,Bonds,0,600,600,8.3K,8.6K,N/A,N/A,dividenden aktien,3
deutsche dividenden aktien,I,Bonds,0,500,500,8.1K,8.5K,$1.00,1.59,dividenden aktien,2
monatliche dividende,I,Bonds,0,500,500,3.6K,3.7K,$1.20,1.84,dividenden aktien,2
dividende bayer 2026,I Branded,"Bonds, Financial markets news",0,500,600,250,250,$0.10,N/A,dividende bayer 2026,3
aktien dividende,I,Bonds,3,450,500,9.6K,11K,$1.10,1.17,dividendenkalender,4
dividendenrendite aktien,I,Bonds,4,450,500,5.8K,6.2K,$1.00,1.09,aktien mit hoher dividende,4
dividenden-aktien,I,Bonds,3,400,500,5.7K,5.9K,$1.10,N/A,dividenden aktien,1
top 10 monatliche dividende,"I,C",Bonds,0,400,450,1.6K,1.7K,$1.20,N/A,aktien monatliche dividende,3
rendite aktien,I,Bonds,3,400,400,4.8K,5.1K,$1.30,1.05,aktien dividenden,4
dividende berechnen,I,Bonds,1,350,450,2.4K,2.7K,$0.80,1.21,dividendenrechner,1
wann zahlt bmw dividende,I Branded,Bonds,1,350,400,300,400,N/A,N/A,bmw aktie dividende,2
dividenden aktien monatlich,I,Bonds,1,300,350,1.4K,1.4K,$1.20,N/A,aktien mit monatlicher dividende,3
aktie dividende,I,Bonds,3,300,400,1.2K,1.3K,$1.10,1.11,aktien mit dividende,4
aktien dividendenrendite,I,Bonds,5,300,300,4.8K,5.1K,$1.00,1.55,aktien dividenden,4
deutsche börse aktie dividende,I Branded,Bonds,0,300,350,150,150,$1.20,N/A,deutsche börse dividende,5
dividendenausschüttung,I,Bonds,2,250,400,4.0K,4.3K,$0.25,0.86,dividenden aktien,3
dividende auszahlung,I,Bonds,2,250,350,2.9K,3.2K,$0.90,0.50,dividenden aktien,2
dividendenkalender kostenlos,I,Bonds,3,200,250,4.4K,4.5K,$0.70,N/A,dividendenkalender,1
monatliche dividenden aktien,"I,C",Bonds,1,200,250,1.2K,1.2K,$1.20,N/A,aktien mit monatlicher dividende,2
aktien monatliche dividende,I,Bonds,1,200,250,1.3K,1.3K,$1.20,1.86,aktien mit monatlicher dividende,2
beste dividendenaktien,"I,C",Bonds,1,150,200,11K,12K,$1.20,1.55,dividenden aktien,3
deutsche börse dividende,I Branded,Bonds,0,150,200,100,100,$0.03,0.97,deutsche börse aktie dividende,5
dividenden aktien weltweit,I,Bonds,0,150,150,8.9K,9.4K,$1.20,1.58,dividenden aristokraten,2
aktien dividende monatlich,I,Bonds,2,150,150,1.5K,1.6K,$0.90,N/A,top 10 monatliche dividende,2
aktie mit monatlicher dividende,"I,C",Bonds,1,150,200,2.0K,2.0K,$0.90,N/A,aktien mit monatlicher dividende,5
dividendo,I,Bonds,0,7.9K,55K,200,200,$0.35,0.41,dividendo azioni,4
dividendi,I,Bonds,0,2.7K,3.0K,800,800,$0.25,0.73,dividendi,4
stacco dividendi oggi borsa italiana,I Branded,Bonds,1,600,600,1.8K,1.8K,N/A,N/A,stacco dividendi oggi,4
etf con dividendi mensili,I,Funds,0,400,400,400,400,$0.60,1.51,etf dividendi mensili,5
dividendi borsa italiana,I Branded,Bonds,1,200,200,1.8K,1.8K,$0.15,1.58,stacco dividendi oggi,
proximos dividendos,I,Bonds,4,16K,17K,36K,36K,$0.02,1.42,proximos dividendos,1
dividendo,I,Bonds,5,9.2K,55K,2.9K,8.7K,$0.06,0.46,dividendos,3
dividendos,I,Bonds,11,7.8K,56K,31K,31K,$0.06,1.30,proximos dividendos,5
próximos dividendos,I,Bonds,4,4.8K,4.9K,26K,26K,$0.02,1.50,proximos dividendos ibex 35,1
proximos dividendos ibex 35,I Branded,Bonds,3,4.2K,4.4K,26K,26K,$0.02,1.46,proximos dividendos ibex 35,1
próximos dividendos ibex 35 expansión,I Branded,Bonds,5,3.3K,3.3K,3.4K,3.4K,$0.02,N/A,próximos dividendos ibex 35 expansión,3
proximos dividendos ibex,I Branded,Bonds,3,2.4K,2.5K,26K,26K,$0.02,1.41,proximos dividendos ibex 35,2
próximos dividendos 2025,I,Bonds,4,2.3K,2.3K,26K,26K,$0.02,N/A,proximos dividendos,3
calendario dividendos 2025,I,Bonds,4,2.3K,2.8K,28K,28K,$0.02,N/A,proximos dividendos,2
mas dividendos,I,Bonds,6,2.0K,2.0K,2.3K,2.3K,$0.25,0.89,mas dividendos,2
mercado continuo dividendos,I,Bonds,9,1.4K,1.4K,37K,38K,$0.04,1.28,proximos dividendos,4
proximos dividendos bolsa española,I,Bonds,3,900,900,26K,26K,$0.02,1.40,proximos dividendos,1
próximo reparto dividendos santander,I Branded,Bonds,0,900,900,12K,12K,$0.01,N/A,dividendo santander 2025,
dividendos 2026,"I,C","Bonds, Financial markets news",5,900,1.5K,31K,31K,$0.02,N/A,proximos dividendos,3
bolsa de madrid dividendos,I Branded,Bonds,8,700,700,14K,14K,$0.10,1.14,dividendos,3
